Emoji(s),Description
😀,"Feeling uplifted by an upbeat tune"
😃,"Joy from an inspiring symphony"
😄,"Cheerful melodies that brighten the day"
😁,"Radiant joy from a favorite song"
😆,"Amused by quirky musical lyrics"
😅,"Nervous happiness before a performance"
🤣,"Laughing at humorous musical parodies"
😂,"Moved to tears by a powerful ballad"
🙂,"Contentment in soothing background music"
🙃,"Playfulness in experimental sounds"
😉,"Flirtation in a romantic duet"
😊,"Shyness in sharing personal compositions"
😇,"Saintliness in angelic choir harmonies"
🥰,"Affection for a love song"
😍,"Adoration of a virtuoso's skill"
🤩,"Awe at a breathtaking orchestral crescendo"
😘,"Feeling of sending a kiss through a love ballad"
😗,"Friendly vibe in a catchy pop chorus"
😚,"Intimacy in a soft, acoustic serenade"
😙,"Happiness in singing along with a smile"
😋,"Savoring the richness of a jazz solo"
😛,"Teasing playfulness in a funky beat"
😜,"Playful mocking in a rap battle"
🤪,"Silliness in novelty songs"
😝,"Tongue-in-cheek humor in satirical lyrics"
🤑,"Greed depicted in a rags-to-riches story song"
🤗,"Warmth in a comforting lullaby"
🤭,"Suppressing giggles during a silly performance"
🤫,"Secretiveness in mysterious, cryptic lyrics"
🤔,"Pondering the meaning behind complex compositions"
🤐,"Keeping a secret favorite guilty pleasure song"
🤨,"Suspicion in a dramatic, tension-filled soundtrack"
😐,"Neutrality in ambient, instrumental music"
😑,"Disinterest in generic, repetitive playlists"
😶,"Speechlessness after an awe-inspiring solo"
😏,"Smugness in mastering a difficult piece"
😒,"Disdain for uninspired, commercial pop"
🙄,"Exasperation with an off-key karaoke performance"
😬,"Awkwardness in a mismatched musical collaboration"
😮‍💨,"Exhaustion after an intense practice session"
🤥,"Dishonesty in lip-syncing a live performance"
😌,"Relief when resolving a dissonant chord"
😔,"Melancholy in a soulful blues riff"
😪,"Tiredness in the calm of a nocturne"
🤤,"Desire for more when anticipating a song's drop"
😴,"Deep sleep induced by gentle, meditative music"
😷,"Illness leading to a missed concert opportunity"
🤒,"Feeling unwell but comforted by soft melodies"
🤕,"Injury not stopping one from playing music"
🤢,"Nausea at overly auto-tuned vocals"
🤮,"Rejecting mainstream music trends"
🤧,"Sneezing but still playing through an outdoor gig"
🤬,"Overheated after an energetic dance number"
🥶,"Chilled by haunting, atmospheric tunes"
🥴,"Dizziness from spinning in a musical whirl"
😵,"Shock at a surprise musical guest appearance"
😵‍💫,"Confusion in a complex, avant-garde piece"
🤯,"Amazement at a once-in-a-lifetime live show"
🤠,"Adventurous spirit in a country road anthem"
🥳,"Celebration in a victorious sports anthem"
😎,"Coolness in a smooth jazz lounge"
🤓,"Geekiness in loving detailed musical analysis"
🧐,"Inquisitiveness in exploring diverse music genres"
🌕🐺,Mysterious and haunting melody evoking a full moon night with distant wolf howls.
🍇🧀,Elegant and sophisticated tune reminiscent of a wine and cheese tasting event.
🎪🤡,Lively and colorful circus music filled with wonder and laughter.
😊,Upbeat and joyful melody with energetic rhythms.
🎸,Electric guitar with heavy distortion and fast riffs.
🌧️,Slow and melancholic piano with soft rain in the background.
💔,heartbreak ballad with deep and emotional strings
🔥,fiery and fast-paced electronic dance music track
🌅, "inspiring and uplifting music like a sunrise, with bright and warm tones" 
🌌,ambient space music with ethereal pads and twinkling synthesizers
👻,spooky and eerie melody with theremin and ghostly echoes
🤖,futuristic and mechanical sounds with robotic rhythms
💃,lively and passionate salsa music with strong Latin percussion
🕺,funky groove with catchy basslines and disco beats
🚀,"high-energy synthwave track, reminiscent of 80s space exploration themes" 
🎉,celebratory and festive tune with horns and a party vibe
🎭,dramatic and theatrical orchestral music with a hint of mystery
🐉,powerful and majestic theme with heavy drums and a fantasy feel
🌸,"gentle and serene music inspired by cherry blossoms, with delicate harp "
❄️,cool and crisp winter melody with icy synths and glistening bells
🏝️,relaxed and sunny beach reggae with laid-back rhythms
🌍,world music with a blend of ethnic instruments from various cultures
🚂,rhythmic and steady music mimicking the motion of a train
⏰,tick-tock rhythm with a sense of urgency and time passing
🌜,calm and soothing night-time music with soft piano and strings
☔,ambient soundscape with the sound of rain and distant thunder
📚,studious and focused lo-fi hip-hop beat for concentration
🍂,autumnal tune with acoustic guitar and the rustling of leaves
🕊️,peaceful and airy melody that evokes a sense of freedom
🎮,energetic and bouncy chiptune track for video game vibes
👑,royal and majestic fanfare with trumpets and timpani
🌈,bright and colorful music with a hopeful and positive message
🔮,mystical and magical theme with harpsichord and choir
💤,soft and dreamy lullaby with gentle melodies to soothe to sleep
🐚,"ocean-inspired music with waves and calm, flowing melodies" 
⚡,dynamic and electrifying rock with intense guitar solos
🎲,quirky and unpredictable tune with surprising changes and fun effects
🏰,grand and historical music evoking ancient castles and epic tales
👽,alien and otherworldly sounds with sci-fi synthesizers
🧙,enchanting and mysterious melody with a magical fantasy feel
🤠,country track with twangy guitars and a wild west vibe
🧘,meditative and tranquil music for relaxation and mindfulness
🏈,energetic and motivating sports anthem with powerful drums
🎷,smooth and expressive jazz piece with soulful saxophone
🎻,emotional and stirring string quartet with intense dynamics
🚗,road trip music with a sense of adventure and catchy hooks
🧛,dark and gothic tune with suspenseful organ and vampire motifs
🤡,whimsical and circus-like music with playful melodies and surprises
👨‍🚀,adventurous and exploratory theme for a journey through space
👸,elegant and graceful music fit for a fairytale princess
🐅,wild and powerful music with tribal drums and animal calls
🍫,"sweet and comforting melody, like enjoying your favorite chocolate"
🎤,dynamic pop song with catchy lyrics and a beat to sing along to
😊,upbeat and joyful melody with energetic rhythms ,
🎸,electric guitar with heavy distortion and fast riffs",
🌧️,"slow and melancholic piano with soft rain in the background",
💔,heartbreak ballad with deep and emotional strings ,
🔥,fiery and fast-paced electronic dance music track ,
🌅,"inspiring and uplifting music like a sunrise, with bright and warm tones",
🌌,ambient space music with ethereal pads and twinkling synthesizers ,
👻,spooky and eerie melody with theremin and ghostly echoes ,
🤖,futuristic and mechanical sounds with robotic rhythms ,
💃,lively and passionate salsa music with strong Latin percussion ,
🕺,funky groove with catchy basslines and disco beats ,
🚀,"high-energy synthwave track, reminiscent of 80s space exploration themes" ,
🎉,celebratory and festive tune with horns and a party vibe ,
🎭,dramatic and theatrical orchestral music with a hint of mystery ,
🐉,powerful and majestic theme with heavy drums and a fantasy feel ,
🌸,"gentle and serene music inspired by cherry blossoms, with delicate harp",
❄️,cool and crisp winter melody with icy synths and glistening bells ,
🏝️,relaxed and sunny beach reggae with laid-back rhythms ,
🌍,world music with a blend of ethnic instruments from various cultures ,
🚂,rhythmic and steady music mimicking the motion of a train ,
⏰,tick-tock rhythm with a sense of urgency and time passing ,
🌜,calm and soothing night-time music with soft piano and strings ,
☔,ambient soundscape with the sound of rain and distant thunder ,
📚,studious and focused lo-fi hip-hop beat for concentration ,
🍂,autumnal tune with acoustic guitar and the rustling of leaves ,
🕊️,peaceful and airy melody that evokes a sense of freedom ,
🎮,energetic and bouncy chiptune track for video game vibes ,
👑,royal and majestic fanfare with trumpets and timpani ,
🌈,bright and colorful music with a hopeful and positive message ,
🔮,mystical and magical theme with harpsichord and choir ,
💤,soft and dreamy lullaby with gentle melodies to soothe to sleep ,
🐚,"ocean-inspired music with waves and calm, flowing melodies" ,
⚡,dynamic and electrifying rock with intense guitar solos ,
🎲,quirky and unpredictable tune with surprising changes and fun effects ,
🏰,grand and historical music evoking ancient castles and epic tales ,
👽,alien and otherworldly sounds with sci-fi synthesizers ,
🧙,enchanting and mysterious melody with a magical fantasy feel ,
🤠,country track with twangy guitars and a wild west vibe ,
🧘,meditative and tranquil music for relaxation and mindfulness ,
🏈,energetic and motivating sports anthem with powerful drums ,
🎷,smooth and expressive jazz piece with soulful saxophone ,
🎻,emotional and stirring string quartet with intense dynamics ,
🚗,road trip music with a sense of adventure and catchy hooks ,
🧛,dark and gothic tune with suspenseful organ and vampire motifs ,
🤡,whimsical and circus-like music with playful melodies and surprises ,
👨‍🚀,adventurous and exploratory theme for a journey through space ,
👸,elegant and graceful music fit for a fairytale princess ,
🐅,wild and powerful music with tribal drums and animal calls ,
🍫,"sweet and comforting melody, like enjoying your favorite chocolate" ,
🎤,dynamic pop song with catchy lyrics and a beat to sing along to ,
🧵,"delicate and intricate melody, weaving threads of harmonies" ,
🍁,gentle and reflective tune inspired by the fall season ,
🍄,mystical and quirky sounds reminiscent of an enchanted forest ,
🔒,introspective and contemplative piano piece about secrets kept ,
🍯,"sweet and flowing melody, as smooth as honey" ,
🧊,"chill and minimalist electronic music with cool, icy beats" ,
🦉,"nocturnal and mysterious ambiance, invoking the wisdom of the night" ,
🌵,dry and sparse soundscape with a hint of Western twang ,
🎡,"upbeat and merry tune, capturing the fun of a carnival ride",
🛤️,"steady and adventurous track, following a long and winding journey" ,
🏹,"epic and heroic theme, inspired by archers of myth and legend" ,
🔥🌪️,"intense and chaotic composition, embodying a fiery tornado" ,
🚤,fast-paced and thrilling music for a speedboat chase ,
🧩,"intricate and methodical piece, symbolizing the solving of a puzzle" ,
🚲,light and carefree melody for a leisurely bike ride ,
🛁,relaxing and serene music to soak in a warm bath to ,
🌰,"cozy and warm acoustic tune, evoking the simplicity of nature" ,
🍒,"cheerful and sweet pop track, as delightful as cherries" ,
🏂,energetic and cool music for snowboarding down snowy slopes ,
📝,"thoughtful and introspective composition, perfect for writing or studying" ,
🛩️,"soaring and uplifting music, capturing the freedom of flight" ,
🕰️,"timeless and classic melody, reminiscent of times gone by" ,
🌪️,"powerful and swirling instrumental, capturing the fury of a tornado" ,
🔨,"solid and determined rock music, symbolizing hard work and craftsmanship" ,
🌶️,"spicy and vibrant Latin music, full of heat and passion" ,
🧁,"light and fluffy tune, sweet as a freshly baked cupcake" ,
🛸,"otherworldly and mysterious electronic music, fit for a UFO encounter" ,
🦚,"elegant and graceful composition, inspired by the beauty of a peacock" ,
🎱,cool and slick music for a night at the pool hall ,
🧚,"whimsical and light fairy-tale music, sprinkled with magic" ,
🎢,"exciting and dynamic track, capturing the thrills of a roller coaster" ,
🔮🌙,"enchanting and mystical music, under the guidance of the moon and crystal ball" ,
🐲,"powerful and fiery theme, evoking the might of dragons" ,
🍉,"refreshing and juicy melody, perfect for a hot summer day" ,
🏰👸,"majestic and romantic music, telling tales of castles and princesses" ,
📦,"curious and playful tune, inspired by the mystery of an unopened box" ,
🛌,soft and soothing music to drift off to sleep to ,
⛵,"gentle and calming music, sailing smoothly on open waters" ,
🎨,"creative and colorful jazz, inspiring artistic expression ",
🔑,mysterious and unlocking secrets within a suspenseful soundtrack ,
💡,"bright and innovative music, symbolizing a moment of revelation" ,
📸,"nostalgic and memorable tune, capturing moments in time ",
🧭,"adventurous and exploratory music, charting a course to the unknown",
✈️,"Excitement for an upcoming international journey"
🚂,"Nostalgia for a scenic train ride through the countryside"
🛳,"Wonder at embarking on a majestic cruise adventure"
🚆,"Speed and efficiency in city-to-city rail travel"
🚲,"Joy in exploring local paths and trails by bicycle"
🚌,"Curiosity for the stories found in every bus journey"
🚗,"Freedom in a road trip across open highways"
🏍️,"Thrill of the open road on a motorcycle"
🛬,"Anticipation upon landing in a new country"
🛤,"Tranquility in following the tracks to unknown destinations"
🗺,"Planning and dreaming over a world map"
🧳,"Packing essentials and memories for the trip"
🌍,"Admiration for the Earth's vast beauty"
🌋,"Awe at nature's power during a volcanic expedition"
🏔,"Challenge and triumph in conquering mountain peaks"
🏖,"Relaxation on a sun-soaked tropical beach"
🏜,"Mystery and exploration in desert landscapes"
🏝,"Isolation and peace on a deserted island"
🗿,"Reflection at ancient sites and monuments"
🗽,"Inspiration from iconic landmarks and symbols"
🕌,"Spirituality and culture in visiting sacred places"
🛣,"Endless possibilities on the open road"
⛺,"Adventure in camping under the stars"
🚀,"Dreaming of space travel and beyond"
🛶,"Serenity in paddling through calm waters"
⛵,"Sailing with the wind towards the horizon"
🚡,"Amazement at panoramic views from a cable car"
🛩,"Small plane, intimate views of the landscape below"
🚠,"Excitement for a ski lift ride to snowy slopes"
🎢,"Thrills and screams on roller coaster rides at theme parks"
🏰,"Enchantment at exploring historic castles"
🎡,"Romance atop a giant Ferris wheel"
⛲,"Wonder at the beauty of ornate fountains"
🏯,"Discovery of ancient architecture and samurai legends"
🏰,"Fairy tales coming alive while visiting European castles"
🛕,"Spiritual journeys to majestic temples"
🕍,"Connecting with history in historic synagogues"
🕌,"Contemplation in the serene atmosphere of mosques"
🛤,"Rustic charm of old railway adventures"
🌐,"Global connections and international friendships"
🎑,"Appreciation for the harvest moon in a foreign land"
⛩,"Tranquility at a traditional Shinto shrine"
🌄,"Awakening to a breathtaking mountain sunrise"
🌅,"Serenity in watching the sunset over the ocean"
🌠,"Wishing on shooting stars in a clear night sky"
🎇,"Celebration and fireworks marking the end of a journey"
🛳️,"Setting sail on a voyage of discovery"
🚁,"Exhilaration in a helicopter tour over landscapes"
🛩️,"Small plane, big adventures into the unknown"
🚤,"Speed and spray on a powerboat adventure"
🚲,"Intimacy with the land on a cycling trip"
🛴,"Playfulness exploring cities on a scooter"
🦽,"Accessibility and adventure for all travelers"
🚜,"Rural exploration and farm stays"
🛺,"Local life and quick trips in an auto-rickshaw"
🚇,"The pulse of a city through its subway"
🕊️🌅,"peaceful and serene music, welcoming a new dawn with hope",
🍂🔥,"warm and inviting music, gathering around an autumn bonfire",
🎁❄️,"festive and joyful music, celebrating winter holidays and gifts" ,
🍪☕,"cozy and comforting melody, perfect for a coffee break with cookies" ,
🧪,"intriguing and experimental sounds, exploring the wonders of science" ,
🎲🎮,fun and lively music for board games and video gaming sessions ,
😊🎸,energetic and joyful rock tune with upbeat rhythms and catchy guitar solos ,
🌧️💔,"deeply emotional ballad with piano accompaniment, evoking a sense of longing or loss during a rainy night" ,
🔥🕺,"fiery disco track with high-energy beats and infectious dance rhythms, perfect for a night out" ,
🌅🏝️,uplifting and relaxed tropical house music that captures the beauty of a sunrise at the beach ,
👻🌌,"mysterious and slightly spooky ambient track with a cosmic twist, suitable for exploring haunted space stations" ,
💃🎉,festive and vibrant salsa music mixed with party anthems to get everyone on the dance floor ,
🤖🔮,"futuristic electronic track with mystical elements, blending robotic rhythms with magical melodies" ,
❄️🐉,epic and powerful orchestral piece combining the cool serenity of winter with the majesty of dragons ,
🚀👨‍🚀,"adventurous space exploration theme with dynamic shifts, perfect for a journey beyond the stars" ,
🎭👑,dramatic and royal opera piece that tells a tale of intrigue and sovereignty in a grand court ,
🐉🔥,intense and fiery instrumental that captures the ferocity and power of a dragon's breath ,
🌍🕊️,"world peace anthem featuring a blend of ethnic instruments from across the globe, promoting unity and harmony",
☔📚,"lo-fi hip-hop track with ambient rain sounds, ideal for studying or relaxing on a rainy day" ,
🍂🌸,a piece that transitions from the melancholy of autumn leaves to the hopeful blossoms of spring ,
🏈🎤,energetic pop-rock song that captures the excitement and camaraderie of sports events ,
🧙👽,a mystical and otherworldly symphony that combines elements of magic with the unknown of outer space ,
💤🌜,a soothing lullaby that merges the tranquility of the night with the peacefulness of sleep ,
🚗🌈,an uplifting road trip song that paints a journey filled with hope and colorful adventures ,
🧛🕯️,a gothic and atmospheric piece that evokes the eerie elegance of a vampire's lair by candlelight ,
👸🐅,a majestic and adventurous theme that tells the story of a princess and her noble tiger companion ,
 🚴‍♂️🌄,energetic and motivational music perfect for a morning ride or workout ,
👨‍👩‍👧‍👦🏠,warm and comforting melody that evokes feelings of home and family ,
🌳🧘,"tranquil and meditative sounds inspired by nature, ideal for relaxation and mindfulness" ,
🍁🕯️,"intimate and cozy acoustic tune, evoking a peaceful autumn evening ",
👩‍❤️‍👨🌉,"romantic and swooning ballad, capturing the magic of a city at night" ,
🎨🖌️,abstract and experimental piece that mirrors the process of creating art ,
🚢🌊,"nautical theme with adventurous and exploratory tones, reminiscent of a sea voyage",
🎓📖,"inspirational and uplifting track, celebrating achievements and new beginnings" ,
🏞️🌠,ambient and ethereal music that captures the wonder of nature and the cosmos ,
🏜️🐪,"exotic and mysterious tune, evoking the vastness and mystery of the desert" ,
👻🏚️,creepy and suspenseful music suitable for exploring a haunted house ,
⚖️📜,"solemn and dignified composition, reflecting themes of justice and history" ,
🕊️🌍,"global peace anthem, blending sounds from around the world to promote unity ",
🔒❤️,"deeply emotional piece about unrequited love or longing, with a sense of secrecy" ,
🍫🍷,"sultry and luxurious jazz number, perfect for a romantic evening" ,
🎂🎈,joyful and festive tune celebrating birthdays and happy occasions ,
💪🔥,powerful and driving rock anthem about overcoming challenges and triumph ,
🚜🌾,country-folk music that tells a story of life and work in the rural heartlands ,
🧳✈️,"light and breezy acoustic track, capturing the excitement of travel and adventure" ,
🌧️🛌,soft and soothing rain sounds mixed with gentle music for relaxation or sleep ,
🧛‍♂️🌕,"gothic and brooding melody, suitable for a vampire's nocturnal escapades" ,
🐒🌴,"fun and lively song with tropical beats, inspired by the playful nature of monkeys" ,
🍁🏕️,acoustic guitar piece evoking the serenity and beauty of camping in the fall ,
⚡🤘,electrifying heavy metal track with thunderous drums and lightning-fast guitar solos ,
🧝‍♀️🌲,enchanting and mystical tune inspired by elven lore and ancient forests ,
🚣‍♂️🌅,Serene and peaceful music evoking an early morning row on a calm lake.
🏕️🔥,Cozy and inviting campfire music, perfect for a night under the stars.
🌆🎷,Smooth jazz with urban vibes, reflecting the hustle of city life at dusk.
🎿❄️,Energetic and chilly music capturing the thrill of skiing on snowy slopes.
🍷🌛,Romantic and mellow tune ideal for a night of wine under a crescent moon.
🎮👾,Retro arcade music with electronic beats, perfect for gaming sessions.
🎨🌟,Inspirational music that encourages creativity and shines with artistic brilliance.
🏝️🍹,Tropical and relaxed melody that transports you to a sunny beach with a cocktail.
👨‍🍳🍳,Lively and cheerful tune capturing the joy of cooking.
🚴‍♀️💨,Upbeat and motivating music to keep the energy high during a bike race.
🎓🎉,Proud and celebratory anthem marking the achievements of graduation.
🏰🧝‍♂️,Epic fantasy music evoking ancient castles and mythical elves.
🍕🎲,Casual and fun music perfect for a pizza party game night.
🚀🪐,Adventurous and awe-inspiring music for a journey through outer space to distant planets.
🏊‍♀️🐠,Tranquil and fluid music that captures the beauty of swimming with tropical fish.
📚🔖,Quiet and contemplative music ideal for getting lost in a good book.
🧳🗺️,Wanderlust music that inspires travel and exploration of unknown places.
🌲🌲,Majestic and serene music that captures the essence of towering pine forests.
🎂🎁,Joyous and uplifting music celebrating birthdays and the excitement of gifts.
🍫☕,Warm and comforting music evoking the coziness of hot chocolate and coffee.
🌙🦉,Mysterious and calm music that captures the nocturnal world under the moonlight.
⚓🌊,Steady and adventurous sea shanty evoking maritime journeys and ocean adventures.
💐🌷,Bright and beautiful melody celebrating the arrival of spring and blooming flowers.
🔍📖,Intriguing and intellectual music perfect for solving mysteries and learning.
🧗‍♂️⛰️,Dramatic and inspiring music capturing the challenge and triumph of mountain climbing.
🎼🎹,Classical piano piece filled with emotion and depth.
🌍✈️,Worldly and curious music inspiring global travel and cultural exploration.
🐶🌳,Playful and joyful tune capturing the happiness of a dog running through the park.
🦄🌈,Magical and fantastical music inspired by unicorns and rainbows.
👻🎃,Spooky and fun music perfect for Halloween adventures and ghostly tales.
🏞️🛶,Serene and adventurous music evoking a journey down a tranquil river through natural landscapes.
🎄🎶,Festive and warm Christmas music filled with holiday cheer and joy.
🌟👼,Heavenly and uplifting music inspired by angels and the miraculous.
🐉🔮,Mystical and powerful tune evoking the magic and majesty of dragons.
🍁🎸,Folksy and nostalgic music that captures the essence of autumn with acoustic vibes.
🎖️🗽,Patriotic and inspiring music celebrating freedom and bravery.
🌧️📚,Cozy and introspective tune perfect for a rainy day spent reading.
🏯🎌,Traditional and elegant music inspired by the history and beauty of Japanese castles.
🌕🐺,Haunting and mystical melody evoking the allure of a full moon and the call of the wild.
🍂🕰️,Reflective and melancholic music capturing the passage of time and the change of seasons.
🏜️🌵,Sparse and heat-filled tune evoking the vastness and solitude of the desert.
🚲🌸,Light and breezy music perfect for a springtime bicycle ride among blooming flowers.
🕵️‍♂️🔎,Mysterious and suspenseful music for unraveling secrets and detective work.
🚂💨,Rhythmic and nostalgic music capturing the romance of a train journey.
🎥🍿,Dramatic and cinematic music perfect for movie nights and film experiences.
🔥🍖,Warm and rustic tune evoking a barbecue with friends on a summer evening.
👩‍🎓📜,Motivational and hopeful music celebrating academic achievements and new beginnings.
🐚🌅,Peaceful and meditative music capturing the tranquility of a beach at sunset.
🍁🚶‍♂️,Contemplative and serene music for a reflective walk among the autumn leaves.
🍜🥢,Vibrant and flavorful music inspired by the rich tastes of Asian cuisine.
🧵👗,Delicate and creative tune evoking the art of fashion and design.
🎨🖌️,Expressive and colorful music inspiring artistic creation and imagination.
🛌🌜,Soothing and gentle lullaby for a peaceful night's sleep.
🌌🛰️,Expansive and awe-inspiring music capturing the vastness of the universe.
🏔️🌲,Majestic and invigorating music inspired by the rugged beauty of mountains.
🎈🎉,Energetic and celebratory tune for parties and joyful gatherings.
🔒💔,Intimate and emotional music about love kept secret and hearts locked away.
🧘‍♀️🌺,Relaxing and spiritual music for meditation and inner peace.
🍦🌞,Cheerful and sweet music evoking the simple pleasure of ice cream on a sunny day.
🍂🔥,"Warm and inviting music, gathering around an autumn bonfire",
🎁❄️,"Festive and joyful music, celebrating winter holidays and gifts",
🍪☕,"Cozy and comforting melody, perfect for a coffee break with cookies",
🧪,"Intriguing and experimental sounds, exploring the wonders of science",
🎲🎮,"Fun and lively music for board games and video gaming sessions",
😊🎸,"Energetic and joyful rock tune with upbeat rhythms and catchy guitar solos",
🌧️💔,"Deeply emotional ballad with piano accompaniment, evoking a sense of longing or loss during a rainy night",
🔥🕺,"Fiery disco track with high-energy beats and infectious dance rhythms, perfect for a night out",
🌅🏝️,"Uplifting and relaxed tropical house music that captures the beauty of a sunrise at the beach",
👻🌌,"Mysterious and slightly spooky ambient track with a cosmic twist, suitable for exploring haunted space stations",
💃🎉,"Festive and vibrant salsa music mixed with party anthems to get everyone on the dance floor",
🤖🔮,"Futuristic electronic track with mystical elements, blending robotic rhythms with magical melodies",
❄️🐉,"Epic and powerful orchestral piece combining the cool serenity of winter with the majesty of dragons",
🚀👨‍🚀,"Adventurous space exploration theme with dynamic shifts, perfect for a journey beyond the stars",
🎭👑,"Dramatic and royal opera piece that tells a tale of intrigue and sovereignty in a grand court",
🐉🔥,"Intense and fiery instrumental that captures the ferocity and power of a dragon's breath",
🌍🕊️,"World peace anthem featuring a blend of ethnic instruments from across the globe, promoting unity and harmony",
☔📚,"Lo-fi hip-hop track with ambient rain sounds, ideal for studying or relaxing on a rainy day",
🍂🌸,"A piece that transitions from the melancholy of autumn leaves to the hopeful blossoms of spring",
🏈🎤,"Energetic pop-rock song that captures the excitement and camaraderie of sports events",
🧙👽,"A mystical and otherworldly symphony that combines elements of magic with the unknown of outer space",
💤🌜,"A soothing lullaby that merges the tranquility of the night with the peacefulness of sleep",
🚗🌈,"An uplifting road trip song that paints a journey filled with hope and colorful adventures",
🧛🕯️,"A gothic and atmospheric piece that evokes the eerie elegance of a vampire's lair by candlelight",
👸🐅,"A majestic and adventurous theme that tells the story of a princess and her noble tiger companion",
"🎹","Grand piano, classical and sophisticated melodies."
"🥁","Drum set, energetic and rhythmic beats."
"🎷","Saxophone, smooth jazz and soulful tunes."
"🎺","Trumpet, bold and brassy fanfares."
"🎸","Electric guitar, rock anthems and shredding solos."
"🪕","Banjo, folk tunes and bluegrass jams."
"🎻","Violin, emotional string pieces and classical music."
"🪗","Accordion, polkas, and traditional folk music."
"🎤","Microphone, pop vocals and acapella performances."
"🎧","Headphones, immersive listening and electronic beats."
"🎼","Musical score, orchestral compositions and musical notation."
"🎤🎧","DJ setup, electronic dance music and club hits."
"🥁🎷","Jazz ensemble, improvisation and swing."
"🎸🤘","Rock band, loud guitars and live concerts."
"🎹🎤","Pop duo, catchy hooks and keyboard melodies."
"🪘","Taiko drum, powerful and deep traditional Japanese percussion."
"🎶","Musical notes, melodies and singing."
"📯","Bugle, military calls and ceremonial music."
"🪕🎻","Bluegrass band, fast picking and fiddling."
"🎷🎺","Brass band, New Orleans jazz and marching bands."
"🪗🎼","Folk music, accordions and traditional tunes."
"🎚️","Mixing board, music production and sound engineering."
"🎛️","DJ mixer, beat mixing and turntablism."
"📻","Radio, broadcasting music and live performances."
"🪘🥁","Drum circle, community rhythms and percussive harmony."
"🎚️🎛️","Electronic music studio, synthesizers and sound mixing."
"🎸🪕","Acoustic set, intimate performances and singer-songwriters."
"🪐🎶","Space music, ambient soundscapes and cosmic themes."
"🎧🌌","Chillhop, lo-fi beats to relax/study to."
"🎻🎶","String quartet, classical chamber music and elegance."
"🎺🎷","Big band, swing era jazz and dance music."
"🪗🪕","Folk dance, traditional melodies and communal joy."
"🎤🎧","Karaoke night, singing favorites and pop hits."
"🥁🔥","Drum solo, energetic performances and rhythmic mastery."
"🎸🎶","Guitar solo, emotive melodies and technical skill."
"🎹🌟","Piano concerto, classical virtuosity and grand compositions."
"🪕🌄","Country ballad, storytelling and acoustic sounds."
"🎻🍂","Fiddle tunes, folk traditions and rustic vibes."
"🎺🎉","Fiesta music, celebratory brass and lively tunes."
"🪗🎭","Accordion waltz, romantic melodies and dance music."
"🎧🎤","Podcasting, storytelling and interviews with music interludes."
"🎚️🎙️","Recording session, capturing performances and studio work."
"🎛️🕺","Disco night, retro beats and dance floor classics."
"📻🎸","Rock radio, classic hits and guitar anthems."
"🪘🌍","World percussion, global rhythms and cultural beats."
"🎶🏝️","Island music, reggae beats and tropical tunes."
"🎧📚","Study music, instrumental focus and calm concentration."
"🎤🌈","Pride anthem, uplifting messages and inclusive performances."
"🥁🎆","Celebration music, percussive excitement and joyful sounds."
"🎸🔥","Fiery rock performance, high energy and passionate playing."
"🎹💔","Solo piano, introspective melodies and emotional depth."
"🎷🌃","Late-night jazz, smooth tunes and city vibes."
"🪗🌷","Spring folk music, renewal themes and acoustic warmth."
"🎧🛌","Sleep music, gentle sounds for relaxation and rest."
"🎤👑","Pop royalty, chart-topping hits and iconic vocals."
"🥁🏆","Drumline, precision and competition in percussion."
"🎸🏕️","Campfire songs, acoustic sing-alongs and storytelling."
"🎹🎄","Holiday tunes, festive melodies and seasonal cheer."
"🪕🚂","Train songs, Americana and the rhythm of the rails."
"🎻🎁","Gift of music, sharing tunes and musical joy."
🏋️‍♂️,"Strength and power in lifting heavy weights"
🤸‍♀️,"Flexibility and grace in gymnastics"
🧘‍♀️,"Calm and focus during yoga practice"
🚴‍♂️,"Endurance in cycling through challenging terrains"
🏊‍♀️,"Persistence in swimming laps for cardio and strength"
🏃‍♂️,"Determination in long-distance running"
🤾‍♀️,"Agility and teamwork in playing handball"
🏄‍♂️,"Balance and thrill in surfing the waves"
🚣‍♀️,"Coordination in rowing across peaceful waters"
🧗‍♀️,"Adventure and overcoming fears in rock climbing"
🏇,"Elegance and speed in horseback riding"
🏂,"Excitement in snowboarding down snowy slopes"
🏌️‍♂️,"Precision and patience in golfing"
🚵‍♂️,"Exploring rugged trails and nature on a mountain bike"
🎳,"Fun and focus while bowling with friends"
🤽‍♂️,"Energy and strategy in playing water polo"
🤼‍♂️,"Strength and technique in wrestling"
🤸‍♂️,"Dynamic flips and jumps in acrobatics"
🏆,"Pride in achieving fitness goals and winning competitions"
🎽,"Speed and adrenaline in track and field events"
🥊,"Power and resilience in boxing"
🥋,"Discipline and respect in martial arts training"
🥌,"Strategy and precision in curling"
🎾,"Quick reflexes in tennis matches"
🏐,"Teamwork and spikes in volleyball"
🏈,"Toughness and strategy in American football"
⚽,"Passion and skill in playing soccer"
🏓,"Speed and coordination in table tennis"
🏸,"Agility and finesse in badminton"
🏒,"Team spirit and intensity in ice hockey"
⛸,"Grace and artistry in figure skating"
🏏,"Concentration and strength in cricket"
🥏,"Fun and relaxation in playing frisbee"
🥅,"Goalkeeping skills and quick saves"
⛳,"Aiming for precision in mini-golf and putting"
🤺,"Elegance and speed in fencing"
🥍,"Agility and teamwork in lacrosse"
🏑,"Coordination and teamwork in field hockey"
🛼,"Joy and freedom in roller skating"
🛹,"Creativity and daring in skateboarding"
🪂,"Adrenaline and freedom in skydiving"
🎣,"Patience and tranquility in fishing"
🤿,"Exploration and discovery in scuba diving"
🏹,"Focus and precision in archery"
🪃,"Skill in mastering the boomerang"
🛷,"Joy in sledding down snowy hills"
🛶,"Serenity and strength in kayaking"
🥵,"Exhaustion after an intense workout"
🥶,"Refreshing cool down after exercise"
🥴,"Feeling dizzy but accomplished post-workout"
😓,"Sweating it out for health and fitness"
🤕,"Recovering from sports injuries"
🤗,"Embracing wellness and self-care through fitness"
🎖,"Celebrating personal bests and fitness milestones"
🔥,"Burning calories and building stamina"
💪,"Building muscle and gaining strength"
☀️,"Bright and sunny day"
🌤,"Partly cloudy with sunshine"
⛅,"Cloudy, with glimpses of the sun"
🌥,"Mostly cloudy skies"
☁️,"Overcast and grey"
🌦,"Sun showers and rainbows"
🌧,"Steady rainfall"
⛈,"Thunderstorms and lightning"
🌩,"Electric thunderstorms"
🌨,"Gentle snowfall"
❄️,"Frosty and icy conditions"
🌬,"Windy gusts"
💨,"Fast winds sweeping through"
🌪,"Tornado swirling chaos"
🌫,"Foggy and misty views"
🔥,"Scorching heatwave"
🌊,"Rough seas and high tides"
🌈,"Rainbow after the rain"
🌒,"Crescent moon on a clear night"
🌓,"First quarter moon illuminating the sky"
🌔,"Waxing gibbous moon"
🌕,"Full moon brightening the night"
🌖,"Waning gibbous moon"
🌗,"Last quarter moon"
🌘,"Waning crescent moon"
🌙,"Crescent moon at night"
🌚,"New moon, darkness reigns"
🌛,"First quarter moon with face"
🌜,"Last quarter moon with face"
🌝,"Full moon with a bright smile"
🌞,"Sun with a cheerful face"
☔,"Umbrella open for rain protection"
⚡,"Lightning bolt, power in the storm"
🌀,"Cyclone, spiraling tropical storms"
🌁,"Smog-covered cityscape"
☃️,"Snowman standing in winter"
⛄,"Snowman without snow, wishing for winter"
🔆,"High brightness, sun glaring down"
🔅,"Low brightness, the sun's soft glow"
💧,"Droplet, the essence of rain"
🌡,"Thermometer, measuring the heat"
⛱,"Beach umbrella, ready for a sunny day"
🧊,"Ice cube, chilling the warmth"
🏖,"Beach with umbrella, summer vibes"
🏜,"Desert scene, the sun's kingdom"
🏝,"Deserted island, tropical paradise"
🏔,"Snow-capped mountain, towering and majestic"
⛰,"Mountain, nature's monumental beauty"
🗻,"Mount Fuji, iconic and serene"
🌋,"Volcano, nature's fiery temper"
🏞,"National park, nature in its grandeur"
🛶,"Canoe, journeying through serene waters"
🚤,"Speedboat, slicing through the waves"
🛳,"Ship, navigating the vast ocean"
🚢,"Cruise ship, luxury at sea"
⛴,"Ferry, connecting shores"
🛥,"Motorboat, cruising the lakes"
🚁,"Helicopter, above the weather"
🛩,"Small airplane, soaring through the skies"
✈️,"Airplane, journeying across the clouds"
🛸,"Flying saucer, beyond earthly weather"
